vertices,family,degree,workload,mode,seed,updates,repeats,status,operations,initialedges,finaledges,maximumdegree,throughput,realrate,wallseconds,error
2048,sparse,4,growth,basic,7,32,5,ok,32,4096,4128,12,74.13472331367905,74.13472331367905,5.452117166998505,
2048,sparse,4,growth,multilevel,7,32,5,timeout,,,,,,,20.003792582998358,case exceeded 20 seconds
2048,sparse,4,growth,recompute,7,32,5,ok,32,4096,4128,12,1487.2739314575865,1487.2739314575865,0.35206970799845294,
2048,sparse,4,growth,basic,19,32,5,ok,32,4096,4128,12,73.12853097112577,73.12853097112577,5.465904208000211,
2048,sparse,4,growth,multilevel,19,32,5,timeout,,,,,,,20.00386612500006,case exceeded 20 seconds
2048,sparse,4,growth,recompute,19,32,5,ok,32,4096,4128,12,1518.482758601054,1518.482758601054,0.3261430000002292,
2048,sparse,4,growth,basic,41,32,5,ok,32,4096,4128,15,71.56750648325009,71.56750648325009,5.58036145799997,
2048,sparse,4,growth,multilevel,41,32,5,timeout,,,,,,,20.003614249999373,case exceeded 20 seconds
2048,sparse,4,growth,recompute,41,32,5,ok,32,4096,4128,15,1514.470290352351,1514.470290352351,0.3074009579995618,
2048,sparse,4,drain,basic,7,32,5,ok,32,4096,4064,12,71.66621901034833,71.66621901034833,5.557732417000807,
2048,sparse,4,drain,multilevel,7,32,5,timeout,,,,,,,20.003527167000357,case exceeded 20 seconds
2048,sparse,4,drain,recompute,7,32,5,ok,32,4096,4064,12,1463.637771971913,1463.637771971913,0.34328704200015636,
2048,sparse,4,drain,basic,19,32,5,ok,32,4096,4064,12,70.39938630038986,70.39938630038986,5.710828708000918,
2048,sparse,4,drain,multilevel,19,32,5,timeout,,,,,,,20.00357200000144,case exceeded 20 seconds
2048,sparse,4,drain,recompute,19,32,5,ok,32,4096,4064,12,1516.7494164069628,1516.7494164069628,0.3308731249999255,
2048,sparse,4,drain,basic,41,32,5,ok,32,4096,4064,15,68.14377774065314,68.14377774065314,5.98427512499984,
2048,sparse,4,drain,multilevel,41,32,5,timeout,,,,,,,20.0039832500006,case exceeded 20 seconds
2048,sparse,4,drain,recompute,41,32,5,ok,32,4096,4064,15,1495.1960984726807,1495.1960984726807,0.3107832919995417,
2048,sparse,4,churn,basic,7,32,5,ok,32,4096,4096,12,67.72131439825067,67.72131439825067,6.047418166999705,
2048,sparse,4,churn,multilevel,7,32,5,timeout,,,,,,,20.00380100000075,case exceeded 20 seconds
2048,sparse,4,churn,recompute,7,32,5,ok,32,4096,4096,12,1523.839710348548,1523.839710348548,0.30421745799867494,
2048,sparse,4,churn,basic,19,32,5,ok,32,4096,4096,12,74.12802572097942,74.12802572097942,5.548699290999139,
2048,sparse,4,churn,multilevel,19,32,5,timeout,,,,,,,20.00292379200073,case exceeded 20 seconds
2048,sparse,4,churn,recompute,19,32,5,ok,32,4096,4096,12,1442.8387853100976,1442.8387853100976,0.3212647080017632,
2048,sparse,4,churn,basic,41,32,5,ok,32,4096,4096,15,75.68396432264544,75.68396432264544,5.295824667000488,
2048,sparse,4,churn,multilevel,41,32,5,timeout,,,,,,,20.003851084000416,case exceeded 20 seconds
2048,sparse,4,churn,recompute,41,32,5,ok,32,4096,4096,15,1502.144663572405,1502.144663572405,0.372878790998584,
