vertices,family,degree,workload,mode,requested,repeats,seeds,operations,initialedges,maximumdegree,rate,ratemin,ratemax,initializationms,peakmib,rssmib,phases,subphases,insertcount,insertmedian,insertp95,insertp99,insertmaximum,deletecount,deletemedian,deletep95,deletep99,deletemaximum
32,bipartite,16,absent,basic,32,5,3,32,128,12,1841726.618705036,1811286.5794985,1846189.3497951883,0.790167,0.0605010986328125,30.078125,0,0,0,,,,,0,,,,
32,bipartite,16,absent,multilevel,32,5,3,32,128,12,1794325.445777728,1769617.8731405188,1811389.109022982,7.986166,0.15140533447265625,30.25,0,0,0,,,,,0,,,,
32,bipartite,16,absent,recompute,32,5,3,32,128,12,4711425.206124852,4544808.975997727,4711425.206124852,0.012875,0.02471160888671875,29.890625,0,0,0,,,,,0,,,,
32,bipartite,16,burst,basic,32,5,3,32,128,12,3358.3900717593506,3199.6534775283835,3782.2264903597547,0.81675,0.18982696533203125,30.203125,0,9,48,0.2795,0.323042,0.371625,0.371625,48,0.306021,0.346542,0.369375,0.369375
32,bipartite,16,burst,multilevel,32,5,3,32,128,12,959.870427091047,958.9930668697175,1033.903438459127,8.037334,0.5426101684570312,31.1875,3,18,48,0.7828125,7.252667,9.134959,9.134959,48,0.7786045,0.847667,0.859334,0.859334
32,bipartite,16,burst,recompute,32,5,3,32,128,12,95226.47534080663,89635.85434173669,96603.77358490566,0.012458,0.028350830078125,29.71875,0,0,48,0.010542,0.012208,0.013833,0.013833,48,0.0105415,0.011416,0.013792,0.013792
32,bipartite,16,churn,basic,32,5,3,32,128,12,3513.1857546465726,3350.4053938176435,3535.4396893762687,0.799833,0.18782806396484375,30.1875,0,9,48,0.281875,0.333833,0.337417,0.337417,48,0.291041,0.339834,0.363583,0.363583
32,bipartite,16,churn,multilevel,32,5,3,32,128,12,980.6575413009286,916.9897336121899,984.5270498191609,8.082375,0.528564453125,31.265625,3,18,48,0.7965625,7.938333,9.254958,9.254958,48,0.8005625,0.869625,0.899333,0.899333
32,bipartite,16,churn,recompute,32,5,3,32,128,12,94791.50312663849,93124.77264459804,96240.6015037594,0.012375,0.028350830078125,29.921875,0,0,48,0.010583,0.011458,0.012291,0.012291,48,0.0106045,0.011084,0.013542,0.013542
32,bipartite,16,drain,basic,32,5,3,32,128,12,3324.7616821216134,3216.2016156387804,3771.1390018266457,0.837583,0.18964385986328125,30.171875,0,9,0,,,,,96,0.2985,0.350667,0.36975,0.36975
32,bipartite,16,drain,multilevel,32,5,3,32,128,12,1049.5330397920613,1028.6067759085636,1056.6432083069062,8.034833,0.5200881958007812,30.9375,3,18,0,,,,,96,0.7917495,0.8515,7.400958,7.400958
32,bipartite,16,drain,recompute,32,5,3,32,128,12,98348.05993084902,97610.67372717206,98511.85528608458,0.012291,0.028350830078125,29.875,0,0,0,,,,,96,0.010208,0.010792,0.011167,0.011167
32,bipartite,16,duplicate,basic,32,5,3,32,128,12,2226086.9565217393,2206896.5517241377,2272081.794944618,0.795584,0.0605010986328125,30.015625,0,0,0,,,,,0,,,,
32,bipartite,16,duplicate,multilevel,32,5,3,32,128,12,2219601.858916557,2200522.624123229,2226086.9565217393,7.987042,0.15140533447265625,30.484375,0,0,0,,,,,0,,,,
32,bipartite,16,duplicate,recompute,32,5,3,32,128,12,4626283.070695388,4464908.608901911,4799760.0119994,0.012541,0.02471160888671875,29.859375,0,0,0,,,,,0,,,,
32,bipartite,16,growth,basic,32,5,3,32,128,12,3403.561571917894,3356.0566334556897,3692.6096341570083,0.795291,0.19051361083984375,30.21875,0,9,96,0.2891255,0.339417,0.361792,0.361792,0,,,,
32,bipartite,16,growth,multilevel,32,5,3,32,128,12,974.6625801907445,941.6230491667004,999.1296643939069,8.060458,0.5509185791015625,31.15625,3,18,96,0.805667,0.87175,8.243791,8.243791,0,,,,
32,bipartite,16,growth,recompute,32,5,3,32,128,12,92585.89511754068,91954.02298850575,93887.34691961482,0.012666,0.028350830078125,29.90625,0,0,96,0.010791,0.011083,0.014542,0.014542,0,,,,
32,bipartite,16,hotspot,basic,32,5,3,32,128,12,3335.9684008733147,3219.221650553289,3499.658236500342,0.799333,0.18936920166015625,30.140625,0,9,48,0.289917,0.323458,0.364208,0.364208,48,0.3022295,0.348042,0.370833,0.370833
32,bipartite,16,hotspot,multilevel,32,5,3,32,128,12,969.4374835971935,939.9520172119313,982.591005275961,8.070875,0.5600128173828125,31.203125,3,18,48,0.783438,8.288167,9.095083,9.095083,48,0.794708,0.844959,0.893542,0.893542
32,bipartite,16,hotspot,recompute,32,5,3,32,128,12,94663.07341417165,93578.7435883939,96725.53826250706,0.012334,0.0283203125,29.84375,0,0,48,0.0104795,0.010917,0.011458,0.011458,48,0.010542,0.011,0.013041,0.013041
32,dense,16,absent,basic,32,5,3,32,248,23,1807092.8393946239,1798561.1510791366,1828571.4285714286,3.809,0.0712127685546875,30.078125,0,0,0,,,,,0,,,,
32,dense,16,absent,multilevel,32,5,3,32,248,23,1741496.5986394559,1725811.6708014237,1745486.2815687559,81.471375,0.2253875732421875,31.0625,0,0,0,,,,,0,,,,
32,dense,16,absent,recompute,32,5,3,32,248,23,4599022.707674619,4599022.707674619,4654545.454545454,0.015125,0.02910614013671875,29.921875,0,0,0,,,,,0,,,,
32,dense,16,burst,basic,32,5,3,32,248,23,2372.801877123565,2360.977527330528,2524.704629282629,3.818833,0.22336578369140625,30.5,0,9,48,0.4118755,0.456,0.466208,0.466208,48,0.423917,0.447292,0.479917,0.479917
32,dense,16,burst,multilevel,32,5,3,32,248,23,98.08459183016653,94.69308159769422,112.6472170638793,81.744167,1.0462331771850586,32.28125,12,12,48,1.3298125,60.817583,66.355709,66.355709,48,1.3783335,83.33375,84.305542,84.305542
32,dense,16,burst,recompute,32,5,3,32,248,23,82892.74973383656,82624.99612695331,83505.56355817206,0.015542,0.03424072265625,29.671875,0,0,48,0.0120625,0.014959,0.015667,0.015667,48,0.0120415,0.013,0.015459,0.015459
32,dense,16,churn,basic,32,5,3,32,248,23,2291.846284150837,2258.3186225046816,2482.199719185643,3.927458,0.2295989990234375,30.3125,0,9,48,0.425333,0.466333,0.473083,0.473083,48,0.4355625,0.490375,0.55225,0.55225
32,dense,16,churn,multilevel,32,5,3,32,248,23,92.06111916987936,86.0968401114416,92.25920078304996,81.712542,1.07952880859375,32.265625,12,12,48,1.3833745,84.150959,85.010875,85.010875,48,1.382417,1.432084,1.441709,1.441709
32,dense,16,churn,recompute,32,5,3,32,248,23,82324.00670940655,81824.06292270438,82919.38421992294,0.014958,0.035736083984375,29.90625,0,0,48,0.012208,0.014875,0.017583,0.017583,48,0.012167,0.012875,0.016,0.016
32,dense,16,drain,basic,32,5,3,32,248,23,2440.776093574474,2407.810395164575,2519.6602395645714,3.912125,0.22287750244140625,30.40625,0,9,0,,,,,96,0.415083,0.467541,0.476792,0.476792
32,dense,16,drain,multilevel,32,5,3,32,248,23,95.70956912108294,95.42894119186131,113.84664234677065,81.265083,1.0405044555664062,32.328125,12,12,0,,,,,96,1.348479,72.099625,86.277209,86.277209
32,dense,16,drain,recompute,32,5,3,32,248,23,84256.64574293297,36576.65380768681,84386.4053500981,0.015209,0.032806396484375,29.9375,0,0,0,,,,,96,0.012,0.028709,0.030792,0.030792
32,dense,16,duplicate,basic,32,5,3,32,248,23,2245614.035087719,2213307.5114123668,2285714.285714286,3.853167,0.0712127685546875,30.0625,0,0,0,,,,,0,,,,
32,dense,16,duplicate,multilevel,32,5,3,32,248,23,2086865.7884439807,2048000.0,2169491.525423729,81.145583,0.2253875732421875,31.15625,0,0,0,,,,,0,,,,
32,dense,16,duplicate,recompute,32,5,3,32,248,23,4683155.275867116,4654545.454545454,4712118.981004271,0.014917,0.02910614013671875,29.875,0,0,0,,,,,0,,,,
32,dense,16,growth,basic,32,5,3,32,248,23,2294.4207931884384,2281.036856708401,2358.215429317172,3.853792,0.24329376220703125,30.40625,0,9,96,0.430771,0.474791,0.491792,0.491792,0,,,,
32,dense,16,growth,multilevel,32,5,3,32,248,23,72.13000757646837,69.83792050328557,75.21953225970286,81.62175,1.2403564453125,32.75,12,12,96,1.434083,104.766375,115.927917,115.927917,0,,,,
32,dense,16,growth,recompute,32,5,3,32,248,23,81244.04950809266,80935.82042364843,82288.65316618451,0.015125,0.043060302734375,29.984375,0,0,96,0.012291,0.012917,0.013959,0.013959,0,,,,
32,dense,16,hotspot,basic,32,5,3,32,248,23,2329.7931398512937,2320.052554990502,2396.427884595222,4.157959,0.22655487060546875,30.421875,0,9,48,0.422167,0.45825,0.467542,0.467542,48,0.431458,0.480333,0.481417,0.481417
32,dense,16,hotspot,multilevel,32,5,3,32,248,23,86.22286589986696,80.6559937480313,101.67427602243954,81.980292,1.0753545761108398,32.15625,12,12,48,1.3837495,84.724083,95.010333,95.010333,48,1.3842085,1.442083,1.50375,1.50375
32,dense,16,hotspot,recompute,32,5,3,32,248,23,81545.90652290803,80825.02140600176,82385.68342786233,0.014875,0.03472900390625,29.890625,0,0,48,0.012292,0.012875,0.01375,0.01375,48,0.0121875,0.012833,0.014292,0.014292
32,sparse,4,absent,basic,32,5,3,32,64,10,1841726.618705036,1753424.6575342466,1896296.2962962964,0.322625,0.04522705078125,29.796875,0,0,0,,,,,0,,,,
32,sparse,4,absent,multilevel,32,5,3,32,64,10,1765517.2413793104,1718120.8053691275,1773639.2861101874,2.227,0.0970916748046875,30.15625,0,0,0,,,,,0,,,,
32,sparse,4,absent,recompute,32,5,3,32,64,10,4465531.677365337,4413793.1034482755,4599022.707674619,0.012291,0.01396942138671875,29.71875,0,0,0,,,,,0,,,,
32,sparse,4,burst,basic,32,5,3,32,64,10,4337.488602232099,4122.494248154314,4410.827202398387,0.342708,0.13161468505859375,29.984375,0,9,48,0.2167705,0.264166,0.297083,0.297083,48,0.2418545,0.27125,0.272792,0.272792
32,sparse,4,burst,multilevel,32,5,3,32,64,10,1543.982388950876,1482.9661640415463,1599.9000062496093,2.218292,0.3455810546875,30.625,3,18,48,0.587125,2.194625,3.042542,3.042542,48,0.5742915,0.61875,0.6735,0.6735
32,sparse,4,burst,recompute,32,5,3,32,64,10,102714.88274454167,101762.39752208562,106224.0663900415,0.011542,0.0205078125,29.84375,0,0,48,0.0096875,0.01025,0.010292,0.010292,48,0.0096875,0.010417,0.010625,0.010625
32,sparse,4,churn,basic,32,5,3,32,64,10,4280.411352881526,4040.7443404640267,4358.906355843952,0.326792,0.13482666015625,30.109375,0,9,48,0.231062,0.252333,0.306167,0.306167,48,0.2378745,0.271333,0.30325,0.30325
32,sparse,4,churn,basic,8192,5,3,8192,64,10,4028.512758970671,4011.6887623475973,4043.5621579383405,0.341625,0.18218994140625,33.8125,240,2649,12288,0.242958,0.292958,0.508167,1.328375,12288,0.25225,0.295541,0.337125,1.607958
32,sparse,4,churn,multilevel,32,5,3,32,64,10,1501.6424213984044,1457.4603752960465,1556.8240536321994,2.249458,0.36290740966796875,30.8125,3,18,48,0.589104,2.566375,3.001083,3.001083,48,0.598979,0.653875,0.664292,0.664292
32,sparse,4,churn,multilevel,8192,5,3,8192,64,10,1482.132362363624,1462.8294316433166,1495.8786417016483,2.282833,0.40911865234375,34.4375,768,4608,12288,0.6020835,2.424417,3.306459,4.951166,12288,0.610084,0.669666,0.726416,1.850792
32,sparse,4,churn,recompute,32,5,3,32,64,10,102825.1201768592,101172.65429620192,103170.56028062392,0.011417,0.021484375,29.90625,0,0,48,0.009834,0.012,0.014333,0.014333,48,0.009833,0.0105,0.011542,0.011542
32,sparse,4,churn,recompute,8192,5,3,8192,64,10,99516.50914745257,97481.45151214056,99975.54065202945,0.015167,0.03857421875,33.296875,0,0,12288,0.010084,0.012375,0.013875,0.064375,12288,0.010042,0.012416,0.014083,0.1375
32,sparse,4,drain,basic,32,5,3,32,64,10,4335.627422193102,4124.8850188301,4353.223255734862,0.316042,0.13155364990234375,30.125,0,9,0,,,,,96,0.233146,0.264916,0.287625,0.287625
32,sparse,4,drain,multilevel,32,5,3,32,64,10,1653.6862630555947,1639.967315451403,1686.8406660384942,2.267667,0.305267333984375,30.5625,3,18,0,,,,,96,0.584167,0.664167,1.161333,1.161333
32,sparse,4,drain,recompute,32,5,3,32,64,10,105683.45822696183,104008.55470362437,106033.2944544587,0.011375,0.017608642578125,29.875,0,0,0,,,,,96,0.009458,0.011,0.0135,0.0135
32,sparse,4,duplicate,basic,32,5,3,32,64,10,2258929.831992094,2206896.5517241377,2299511.3538373094,0.316084,0.04522705078125,29.75,0,0,0,,,,,0,,,,
32,sparse,4,duplicate,multilevel,32,5,3,32,64,10,2188034.188034188,2163331.530557058,2232454.3044509557,2.238125,0.0970916748046875,30.203125,0,0,0,,,,,0,,,,
32,sparse,4,duplicate,recompute,32,5,3,32,64,10,4770423.3750745375,4626951.995373048,4799760.0119994,0.011209,0.01396942138671875,29.859375,0,0,0,,,,,0,,,,
32,sparse,4,growth,basic,32,5,3,32,64,10,4176.296619379243,4079.55124936257,4356.235515516911,0.3255,0.15789031982421875,30.125,0,9,96,0.2341665,0.275417,0.297417,0.297417,0,,,,
32,sparse,4,growth,multilevel,32,5,3,32,64,10,1309.8024056649608,1279.9637514265596,1334.276166229295,2.2805,0.412933349609375,30.65625,3,18,96,0.6009375,0.675792,6.207333,6.207333,0,,,,
32,sparse,4,growth,recompute,32,5,3,32,64,10,101775.66734623128,99740.05248820262,102976.66934835077,0.01125,0.02392578125,29.875,0,0,96,0.0099165,0.010292,0.014542,0.014542,0,,,,
32,sparse,4,hotspot,basic,32,5,3,32,64,10,4164.813649968497,3973.839222935609,4185.0580349844695,0.323041,0.1347198486328125,30.109375,0,9,48,0.2335625,0.269333,0.283375,0.283375,48,0.2455625,0.271667,0.287584,0.287584
32,sparse,4,hotspot,multilevel,32,5,3,32,64,10,1508.1090315701417,1493.4428524758482,1600.7971169243724,2.223041,0.35623931884765625,30.703125,3,18,48,0.5779795,2.190917,3.050417,3.050417,48,0.58475,0.648583,0.679833,0.679833
32,sparse,4,hotspot,recompute,32,5,3,32,64,10,100840.44205928787,96957.65071612314,103811.84103811841,0.011584,0.019805908203125,29.859375,0,0,48,0.0101045,0.01225,0.013875,0.013875,48,0.009875,0.012791,0.018625,0.018625
32,sparse,16,absent,basic,32,5,3,32,248,23,1819836.2147406733,1781935.6275754538,1824193.3644966367,3.846792,0.0712127685546875,29.84375,0,0,0,,,,,0,,,,
32,sparse,16,absent,multilevel,32,5,3,32,248,23,1745486.2815687559,1725904.7516315193,1757372.727771981,81.457542,0.2253875732421875,31.0,0,0,0,,,,,0,,,,
32,sparse,16,absent,recompute,32,5,3,32,248,23,4654545.454545454,4544163.589889236,4654545.454545454,0.014584,0.02910614013671875,29.859375,0,0,0,,,,,0,,,,
32,sparse,16,burst,basic,32,5,3,32,248,23,2366.2294687999706,2328.253472299022,2528.7780873160204,3.913291,0.22336578369140625,30.453125,0,9,48,0.4174165,0.455875,0.4635,0.4635,48,0.4242915,0.464042,0.473417,0.473417
32,sparse,16,burst,multilevel,32,5,3,32,248,23,98.00053399878473,94.62254432800815,112.80098819869717,81.536,1.0462331771850586,32.3125,12,12,48,1.3340835,60.578084,66.524042,66.524042,48,1.373729,83.521917,85.1185,85.1185
32,sparse,16,burst,recompute,32,5,3,32,248,23,82731.80417381952,82332.90280086243,84210.52631578948,0.015,0.03424072265625,29.921875,0,0,48,0.012,0.012459,0.019916,0.019916,48,0.0120415,0.012833,0.01325,0.01325
32,sparse,16,churn,basic,32,5,3,32,248,23,2292.626390522684,2277.573262770318,2470.0491107514445,3.93025,0.2295989990234375,30.375,0,9,48,0.427146,0.467958,0.489958,0.489958,48,0.434792,0.497416,0.520375,0.520375
32,sparse,16,churn,multilevel,32,5,3,32,248,23,92.14210222960651,85.9727604389422,93.47519970917996,81.888208,1.07952880859375,32.296875,12,12,48,1.3785415,83.921833,85.015209,85.015209,48,1.3716245,1.444833,1.524791,1.524791
32,sparse,16,churn,recompute,32,5,3,32,248,23,82883.73225446342,80444.05116241654,83315.325072966,0.014708,0.035736083984375,29.703125,0,0,48,0.012083,0.014083,0.015958,0.015958,48,0.012042,0.012833,0.015958,0.015958
32,sparse,16,drain,basic,32,5,3,32,248,23,2452.8435086607988,2370.180229245313,2520.7600343579593,3.849292,0.22287750244140625,30.4375,0,9,0,,,,,96,0.417896,0.459834,0.477542,0.477542
32,sparse,16,drain,multilevel,32,5,3,32,248,23,95.60953058149565,95.60750728073576,112.91925698296126,81.438542,1.0405044555664062,32.296875,12,12,0,,,,,96,1.3540625,72.163334,84.999625,84.999625
32,sparse,16,drain,recompute,32,5,3,32,248,23,83860.958530756,82491.87326154821,84044.6487196323,0.01525,0.032806396484375,29.859375,0,0,0,,,,,96,0.0119375,0.012833,0.013125,0.013125
32,sparse,16,duplicate,basic,32,5,3,32,248,23,2226086.9565217393,2188034.188034188,2377767.870411651,4.093334,0.0712127685546875,30.125,0,0,0,,,,,0,,,,
32,sparse,16,duplicate,multilevel,32,5,3,32,248,23,2169491.525423729,2133333.3333333335,2181917.3598799948,81.904916,0.2253875732421875,30.984375,0,0,0,,,,,0,,,,
32,sparse,16,duplicate,recompute,32,5,3,32,248,23,4682470.002926543,4654545.454545454,4799760.0119994,0.014917,0.02910614013671875,29.84375,0,0,0,,,,,0,,,,
32,sparse,16,growth,basic,32,5,3,32,248,23,2283.2203567360566,2256.958219824204,2332.382765877969,3.83725,0.24329376220703125,30.46875,0,9,96,0.434937,0.480708,0.499375,0.499375,0,,,,
32,sparse,16,growth,multilevel,32,5,3,32,248,23,71.7054898675381,69.94790343542417,75.26584142156138,81.996166,1.2403564453125,32.734375,12,12,96,1.4449585,106.141417,116.377833,116.377833,0,,,,
32,sparse,16,growth,recompute,32,5,3,32,248,23,80927.22366514338,76062.07616190764,81990.10481922462,0.015625,0.043060302734375,29.90625,0,0,96,0.012334,0.013916,0.01675,0.01675,0,,,,
32,sparse,16,hotspot,basic,32,5,3,32,248,23,2325.074475041779,2282.5215272094756,2391.6963293066883,3.846042,0.22655487060546875,30.515625,0,9,48,0.4205,0.462875,0.483916,0.483916,48,0.4323335,0.480417,0.493542,0.493542
32,sparse,16,hotspot,multilevel,32,5,3,32,248,23,86.42249693401338,81.11833447065041,101.20538523469345,81.703625,1.0753545761108398,32.15625,12,12,48,1.372042,84.449458,94.310459,94.310459,48,1.38475,1.444459,1.475291,1.475291
32,sparse,16,hotspot,recompute,32,5,3,32,248,23,83116.88311688312,81055.34053374942,84247.55089736806,0.014792,0.03472900390625,29.921875,0,0,48,0.012083,0.012458,0.012833,0.012833,48,0.012042,0.012459,0.012916,0.012916
32,star,2,absent,basic,32,5,3,32,15,15,1873207.282093309,1868613.1386861315,1901027.743123626,0.369916,0.03612518310546875,29.890625,0,0,0,,,,,0,,,,
32,star,2,absent,multilevel,32,5,3,32,15,15,1832970.5579104135,1828571.4285714286,1841726.618705036,0.591708,0.06912994384765625,30.015625,0,0,0,,,,,0,,,,
32,star,2,absent,recompute,32,5,3,32,15,15,4770423.3750745375,4654545.454545454,4891470.498318557,0.008125,0.00818634033203125,29.71875,0,0,0,,,,,0,,,,
32,star,2,burst,basic,32,5,3,32,15,15,4291.317712132239,4280.983989521222,4293.909518738621,0.379458,0.1249847412109375,30.140625,0,9,51,0.228,0.244959,0.262833,0.262833,45,0.238292,0.257958,0.267333,0.267333
32,star,2,burst,multilevel,32,5,3,32,15,15,2054.871490263441,2032.0524523539264,2080.37056600707,0.607709,0.267303466796875,30.5,3,18,51,0.472875,1.104667,1.116792,1.116792,45,0.461417,0.494667,0.503209,0.503209
32,star,2,burst,recompute,32,5,3,32,15,15,138079.82740021576,137118.37171933585,139256.97699213633,0.008042,0.00930023193359375,29.796875,0,0,51,0.007541,0.00925,0.009833,0.009833,45,0.007375,0.007875,0.008041,0.008041
32,star,2,churn,basic,32,5,3,32,15,15,4119.044505246118,4087.7810093957646,4125.439133657782,0.40025,0.1264801025390625,29.96875,0,9,48,0.235604,0.257209,0.2665,0.2665,48,0.2451875,0.266584,0.280542,0.280542
32,star,2,churn,multilevel,32,5,3,32,15,15,2043.0423045108587,2039.3478140198918,2046.815532413179,0.605583,0.2667236328125,30.453125,3,18,48,0.4679165,1.078708,1.104417,1.104417,48,0.4703125,0.502291,0.509291,0.509291
32,star,2,churn,recompute,32,5,3,32,15,15,131170.11944679002,125572.43371148949,134218.61696103885,0.008041,0.00975799560546875,29.75,0,0,48,0.007584,0.008333,0.008666,0.008666,48,0.007625,0.008042,0.009958,0.009958
32,star,2,drain,basic,32,5,3,15,15,15,4152.296261355492,4097.008419079168,4158.676232361321,0.38625,0.12281036376953125,30.0625,0,3,0,,,,,45,0.246958,0.267,0.275167,0.275167
32,star,2,drain,multilevel,32,5,3,15,15,15,2158.273381294964,2149.3691171767264,2174.4118976860923,0.601,0.19896697998046875,30.34375,0,9,0,,,,,45,0.456958,0.49475,0.505459,0.505459
32,star,2,drain,recompute,32,5,3,15,15,15,140133.21998112873,138089.7583429229,141120.68641101872,0.007833,0.00926971435546875,29.765625,0,0,0,,,,,45,0.007292,0.007834,0.008,0.008
32,star,2,duplicate,basic,32,5,3,32,15,15,2258770.381873368,2219755.8268590453,2313308.7544278177,0.374583,0.03612518310546875,29.921875,0,0,0,,,,,0,,,,
32,star,2,duplicate,multilevel,32,5,3,32,15,15,2252252.2522522523,2245614.035087719,2265486.725663717,0.600875,0.06912994384765625,29.953125,0,0,0,,,,,0,,,,
32,star,2,duplicate,recompute,32,5,3,32,15,15,4740740.740740741,4491228.070175438,4770423.3750745375,0.008083,0.00818634033203125,29.765625,0,0,0,,,,,0,,,,
32,star,2,growth,basic,32,5,3,16,15,15,4030.5647803707466,4004.2134335854903,4045.725804473612,0.377208,0.13875579833984375,29.984375,0,3,48,0.2472705,0.270709,0.278959,0.278959,0,,,,
32,star,2,growth,multilevel,32,5,3,16,15,15,2101.1046294951493,2100.5989989332897,2103.00353593757,0.598417,0.2166900634765625,30.265625,0,9,48,0.476917,0.511625,0.516583,0.516583,0,,,,
32,star,2,growth,recompute,32,5,3,16,15,15,132687.587076229,131732.7800556571,133472.3670490094,0.008125,0.01085662841796875,29.8125,0,0,48,0.0076665,0.009209,0.009666,0.009666,0,,,,
32,star,2,hotspot,basic,32,5,3,32,15,15,4087.9982503367487,4079.1393831729383,4094.2752947206495,0.382333,0.1264801025390625,30.09375,0,9,48,0.237312,0.263708,0.271792,0.271792,48,0.247771,0.271625,0.292125,0.292125
32,star,2,hotspot,multilevel,32,5,3,32,15,15,2024.5742826427172,2023.2835679341167,2030.1722937438528,0.594792,0.2667236328125,30.484375,3,18,48,0.468354,1.078166,1.1015,1.1015,48,0.4739795,0.509916,0.519541,0.519541
32,star,2,hotspot,recompute,32,5,3,32,15,15,133588.26427098378,132163.13887454828,134618.94425092972,0.007959,0.00975799560546875,29.59375,0,0,48,0.0075205,0.007791,0.007916,0.007916,48,0.0075,0.007792,0.008,0.008
128,bipartite,16,absent,basic,32,5,3,32,1024,27,1769617.8731405188,1761435.5699895415,1786013.2834737957,3.01075,0.289764404296875,31.046875,0,0,0,,,,,0,,,,
128,bipartite,16,absent,multilevel,32,5,3,32,1024,27,1610062.893081761,1606667.6708339609,1613472.495336056,333.392833,0.9241943359375,34.046875,0,0,0,,,,,0,,,,
128,bipartite,16,absent,recompute,32,5,3,32,1024,27,4314994.606256742,4314412.835378185,4314994.606256742,0.064042,0.14379119873046875,30.4375,0,0,0,,,,,0,,,,
128,bipartite,16,burst,basic,32,5,3,32,1024,27,869.286667706913,844.552799395617,959.8836141117889,3.028167,0.8778228759765625,31.78125,0,3,48,1.1165415,1.39675,1.536167,1.536167,48,1.1491875,1.244959,1.311292,1.311292
128,bipartite,16,burst,multilevel,32,5,3,32,1024,27,187.1627776376299,184.19748692115817,189.8111453248996,332.875167,2.16839599609375,35.234375,0,9,48,5.3150625,5.550209,5.759709,5.759709,48,5.3430005,5.745125,7.344708,7.344708
128,bipartite,16,burst,recompute,32,5,3,32,1024,27,18904.61910737115,18536.840812562416,19754.610695269697,0.064083,0.1591796875,30.484375,0,0,48,0.051854,0.053541,0.054875,0.054875,48,0.0532705,0.06375,0.065459,0.065459
128,bipartite,16,churn,basic,32,5,3,32,1024,27,893.7767303831719,828.0635926962203,903.4837146213423,3.025166,0.9111862182617188,31.8125,0,3,48,1.096083,1.485833,1.576125,1.576125,48,1.141896,1.250834,1.300625,1.300625
128,bipartite,16,churn,multilevel,32,5,3,32,1024,27,187.96757852969705,183.3121498003974,189.6914549927384,331.6265,2.1799697875976562,35.125,0,9,48,5.318229,5.501167,5.554584,5.554584,48,5.306,5.898,7.2955,7.2955
128,bipartite,16,churn,recompute,32,5,3,32,1024,27,19194.72145160081,18522.087879203573,19578.355638382876,0.063291,0.156280517578125,30.1875,0,0,48,0.0516665,0.054584,0.057125,0.057125,48,0.0517085,0.054708,0.064,0.064
128,bipartite,16,drain,basic,32,5,3,32,1024,27,865.5110741465757,836.9878971288516,935.2076453225005,3.066042,0.8717269897460938,31.859375,0,3,0,,,,,96,1.1454165,1.249708,1.567834,1.567834
128,bipartite,16,drain,multilevel,32,5,3,32,1024,27,186.64632999362777,183.1962307054939,186.9644396323433,332.187541,2.1667556762695312,35.09375,0,9,0,,,,,96,5.349,5.610875,7.565167,7.565167
128,bipartite,16,drain,recompute,32,5,3,32,1024,27,19140.656309179023,18808.781114573103,19668.100799016596,0.063333,0.15625,30.4375,0,0,0,,,,,96,0.051959,0.055958,0.085667,0.085667
128,bipartite,16,duplicate,basic,32,5,3,32,1024,27,2200522.624123229,2188034.188034188,2219601.858916557,3.03775,0.289764404296875,31.125,0,0,0,,,,,0,,,,
128,bipartite,16,duplicate,multilevel,32,5,3,32,1024,27,2000000.0,1969230.7692307692,2010429.1009612365,330.456167,0.9241943359375,33.953125,0,0,0,,,,,0,,,,
128,bipartite,16,duplicate,recompute,32,5,3,32,1024,27,4413793.1034482755,4363834.7197599895,4438895.824663615,0.064625,0.14379119873046875,30.453125,0,0,0,,,,,0,,,,
128,bipartite,16,growth,basic,32,5,3,32,1024,27,904.6192118505116,821.9415657082691,954.9804033544762,3.070375,0.942901611328125,31.8125,0,3,96,1.08175,1.251708,1.644542,1.644542,0,,,,
128,bipartite,16,growth,multilevel,32,5,3,32,1024,27,188.22343714830342,180.1320029834363,190.0613736090648,330.020834,2.229034423828125,34.9375,0,9,96,5.278875,5.604875,7.362042,7.362042,0,,,,
128,bipartite,16,growth,recompute,32,5,3,32,1024,27,19124.93844160439,18273.966735669925,19682.726746549833,0.066666,0.163604736328125,30.46875,0,0,96,0.052333,0.060584,0.067709,0.067709,0,,,,
128,bipartite,16,hotspot,basic,32,5,3,32,1024,27,891.832754492071,815.6970705004429,913.9277679473422,3.060458,0.9034576416015625,31.734375,0,3,48,1.092521,1.505,1.617459,1.617459,48,1.1298335,1.228125,1.309041,1.309041
128,bipartite,16,hotspot,multilevel,32,5,3,32,1024,27,187.11936595210986,183.47519214726177,187.2106363442223,329.088417,2.1810226440429688,35.15625,0,9,48,5.3429375,5.542125,5.620125,5.620125,48,5.355375,5.7525,7.325708,7.325708
128,bipartite,16,hotspot,recompute,32,5,3,32,1024,27,19180.82301315145,18766.039099042464,19748.01532445989,0.063916,0.15771484375,30.421875,0,0,48,0.051708,0.05625,0.063125,0.063125,48,0.0519375,0.057042,0.058208,0.058208
128,dense,64,absent,basic,32,5,3,32,4064,80,1630573.2484076433,1576976.1482357578,1673202.614379085,138.147417,0.8239898681640625,33.765625,0,0,0,,,,,0,,,,
128,dense,64,absent,recompute,32,5,3,32,4064,80,4413793.1034482755,4266666.666666667,4464908.608901911,0.13075,0.29613494873046875,31.1875,0,0,0,,,,,0,,,,
128,dense,64,burst,basic,32,5,3,32,4064,80,273.476808952947,272.572499557453,279.9571469595149,136.804042,2.7744598388671875,36.421875,0,3,48,3.5032705,5.630333,5.827833,5.827833,48,3.520104,5.51775,6.137125,6.137125
128,dense,64,burst,recompute,32,5,3,32,4064,80,12048.759824916458,11957.21707729743,12079.273250524882,0.122375,0.314788818359375,31.140625,0,0,48,0.0813545,0.091375,0.095833,0.095833,48,0.081417,0.087,0.102125,0.102125
128,dense,64,churn,basic,32,5,3,32,4064,80,279.5882036215025,277.5912326140274,280.85480793809785,136.534708,2.7758865356445312,36.421875,0,3,48,3.466187,3.768625,5.728875,5.728875,48,3.5035625,5.919875,6.185375,6.185375
128,dense,64,churn,recompute,32,5,3,32,4064,80,12161.520190023753,12050.084670673068,12193.96017909879,0.121875,0.3148193359375,31.125,0,0,48,0.081354,0.086209,0.096875,0.096875,48,0.0811455,0.08525,0.090334,0.090334
128,dense,64,drain,basic,32,5,3,32,4064,80,278.7472617219191,269.45817930324904,284.5017671249371,137.683833,2.7697830200195312,36.40625,0,3,0,,,,,96,3.490625,5.481667,6.179833,6.179833
128,dense,64,drain,recompute,32,5,3,32,4064,80,12105.928386624008,11975.111228201087,12135.577150983645,0.122834,0.3089599609375,31.28125,0,0,0,,,,,96,0.0817705,0.088541,0.093166,0.093166
128,dense,64,duplicate,basic,32,5,3,32,4064,80,1954198.4732824427,1954198.4732824427,2005263.8175209926,140.684833,0.8239898681640625,33.8125,0,0,0,,,,,0,,,,
128,dense,64,duplicate,recompute,32,5,3,32,4064,80,4439511.653718091,4388370.817334064,4544808.975997727,0.129542,0.29613494873046875,31.296875,0,0,0,,,,,0,,,,
128,dense,64,growth,basic,32,5,3,32,4064,80,276.504665808857,275.793517633673,286.09148456474304,137.664125,2.7827606201171875,36.28125,0,3,96,3.480604,5.740709,6.18675,6.18675,0,,,,
128,dense,64,growth,recompute,32,5,3,32,4064,80,12154.397309016436,12034.219302586906,12183.899205647847,0.124125,0.3148193359375,31.375,0,0,96,0.081708,0.087416,0.1005,0.1005,0,,,,
128,dense,64,hotspot,basic,32,5,3,32,4064,80,282.96798040446737,272.99580831145465,283.67599768626764,136.033375,2.7804412841796875,36.4375,0,3,48,3.473958,3.758084,5.668375,5.668375,48,3.4999165,5.713625,6.273958,6.273958
128,dense,64,hotspot,recompute,32,5,3,32,4064,80,12212.770894524405,11944.01095564405,12308.681736339575,0.131333,0.3089599609375,31.28125,0,0,48,0.081917,0.0885,0.099458,0.099458,48,0.082063,0.091708,0.095583,0.095583
128,sparse,4,absent,basic,32,5,3,32,256,10,1781935.6275754538,1777777.7777777778,1786013.2834737957,1.217167,0.1623687744140625,30.453125,0,0,0,,,,,0,,,,
128,sparse,4,absent,multilevel,32,5,3,32,256,10,1741496.5986394559,1733665.6192436884,1749494.2868077196,2.616125,0.35494232177734375,30.890625,0,0,0,,,,,0,,,,
128,sparse,4,absent,recompute,32,5,3,32,256,10,4363239.70548132,4290119.318943558,4464908.608901911,0.041792,0.05687713623046875,29.78125,0,0,0,,,,,0,,,,
128,sparse,4,burst,basic,32,5,3,32,256,10,1329.2670500411305,1303.679141422991,1359.9852475600271,1.230167,0.44380950927734375,30.796875,0,3,48,0.7345415,0.849584,0.909417,0.909417,48,0.7632085,0.793084,0.801167,0.801167
128,sparse,4,burst,multilevel,32,5,3,32,256,10,514.3381813725194,503.89204641992103,514.4325746808601,2.693584,0.83526611328125,31.71875,0,9,48,1.952292,2.106375,2.131208,2.131208,48,1.9398545,2.033959,2.115958,2.115958
128,sparse,4,burst,recompute,32,5,3,32,256,10,26827.812393107935,26667.60003266781,26976.7190914241,0.042458,0.07366943359375,29.734375,0,0,48,0.037083,0.037791,0.040917,0.040917,48,0.036917,0.038125,0.041083,0.041083
128,sparse,4,churn,basic,32,5,3,32,256,10,1301.5030163552562,1288.4695224815182,1345.9610841430515,1.247792,0.4481048583984375,30.984375,0,3,48,0.7465215,0.870958,0.956666,0.956666,48,0.778333,0.835958,0.882541,0.882541
128,sparse,4,churn,basic,2048,5,3,2048,256,10,1283.3607673212023,1276.7670526611305,1286.3806490160962,1.287,0.5601730346679688,32.171875,9,246,3072,0.7591045,0.920916,1.319292,3.568083,3072,0.7898955,0.883584,1.227916,2.599541
128,sparse,4,churn,multilevel,32,5,3,32,256,10,510.50490674184107,506.21797825240105,513.9664355825388,2.704375,0.8810195922851562,31.765625,0,9,48,1.929479,2.081625,2.109125,2.109125,48,1.9567085,2.037917,2.070541,2.070541
128,sparse,4,churn,multilevel,2048,5,3,2048,256,10,483.60244148392746,475.8719226038931,484.9984776316951,2.713959,1.3914260864257812,33.90625,48,576,3072,2.037146,2.221833,5.160916,6.402167,3072,2.053771,2.171875,2.255458,2.440542
128,sparse,4,churn,recompute,32,5,3,32,256,10,26841.877018907588,26286.973243968576,26895.45735725236,0.042917,0.07269287109375,29.96875,0,0,48,0.0369795,0.041208,0.042208,0.042208,48,0.036979,0.039542,0.051041,0.051041
128,sparse,4,churn,recompute,2048,5,3,2048,256,10,26414.473790277076,26370.782368062264,26418.4491691817,0.052625,0.11053466796875,30.875,0,0,3072,0.037292,0.043375,0.047875,0.11325,3072,0.037209,0.04275,0.047417,0.107
128,sparse,4,drain,basic,32,5,3,32,256,10,1289.3455894227245,1283.8021598286348,1295.5793415825299,1.258,0.44361114501953125,30.953125,0,3,0,,,,,96,0.7687715,0.81525,0.896208,0.896208
128,sparse,4,drain,multilevel,32,5,3,32,256,10,505.54020723198965,505.2724628860402,513.2399878105502,2.742125,0.84661865234375,31.78125,0,9,0,,,,,96,1.9539165,2.084208,2.133,2.133
128,sparse,4,drain,recompute,32,5,3,32,256,10,26855.009802078577,26682.431536632896,26947.36842105263,0.041791,0.069305419921875,30.0,0,0,0,,,,,96,0.036833,0.040584,0.046333,0.046333
128,sparse,4,duplicate,basic,32,5,3,32,256,10,2232610.060699086,2169491.525423729,2232610.060699086,1.201042,0.1623687744140625,30.265625,0,0,0,,,,,0,,,,
128,sparse,4,duplicate,multilevel,32,5,3,32,256,10,2181768.596168269,901408.4507042253,2188034.188034188,2.61475,0.35494232177734375,31.09375,0,0,0,,,,,0,,,,
128,sparse,4,duplicate,recompute,32,5,3,32,256,10,4388972.706075984,4388370.817334064,4439511.653718091,0.041958,0.05687713623046875,30.0625,0,0,0,,,,,0,,,,
128,sparse,4,growth,basic,32,5,3,32,256,10,1362.3712548520639,1288.6576142227852,1367.1001954996002,1.262333,0.45086669921875,30.734375,0,3,96,0.740875,0.804958,0.924583,0.924583,0,,,,
128,sparse,4,growth,multilevel,32,5,3,32,256,10,512.383262680485,503.791558887416,513.3051666747592,2.719625,0.9233322143554688,31.921875,0,9,96,1.949771,2.088167,2.12475,2.12475,0,,,,
128,sparse,4,growth,recompute,32,5,3,32,256,10,26800.67001675042,26479.106330161358,26902.059688944933,0.043792,0.07708740234375,29.96875,0,0,96,0.037125,0.0425,0.047167,0.047167,0,,,,
128,sparse,4,hotspot,basic,32,5,3,32,256,10,1333.9678573774925,1280.4246400276188,1344.4318987474726,1.21875,0.4335784912109375,30.890625,0,3,48,0.740771,0.854542,0.902375,0.902375,48,0.766229,0.830666,0.849916,0.849916
128,sparse,4,hotspot,multilevel,32,5,3,32,256,10,515.2629832222805,509.13256539171385,522.2102549038807,2.710458,0.8732223510742188,31.71875,0,9,48,1.911208,2.053,2.141417,2.141417,48,1.9440205,2.010084,2.01975,2.01975
128,sparse,4,hotspot,recompute,32,5,3,32,256,10,26540.422722582913,26397.195297999588,26930.35977277509,0.041542,0.07000732421875,30.0,0,0,48,0.037375,0.0385,0.043292,0.043292,48,0.0372705,0.041125,0.0445,0.0445
128,sparse,16,absent,basic,32,5,3,32,1024,28,1761435.5699895415,1757469.244288225,1777777.7777777778,3.698416,0.28981781005859375,31.046875,0,0,0,,,,,0,,,,
128,sparse,16,absent,multilevel,32,5,3,32,1024,28,1630573.2484076433,1627091.0662531143,1676885.185767437,333.119375,0.9173812866210938,33.734375,0,0,0,,,,,0,,,,
128,sparse,16,absent,recompute,32,5,3,32,1024,28,4219965.712778584,4219409.282700422,4338983.050847458,0.067541,0.13939666748046875,30.40625,0,0,0,,,,,0,,,,
128,sparse,16,burst,basic,32,5,3,32,1024,28,827.2679512104248,814.7062834909523,838.0592234977978,3.747417,0.8996200561523438,31.8125,0,3,48,1.1789375,1.554667,1.654,1.654,48,1.2018335,1.302833,1.31425,1.31425
128,sparse,16,burst,multilevel,32,5,3,32,1024,28,173.6958839753182,168.2153208674391,182.52056554750132,328.671792,2.1539688110351562,34.875,0,9,48,5.7594165,7.413583,7.959834,7.959834,48,5.662396,5.951791,6.104042,6.104042
128,sparse,16,burst,recompute,32,5,3,32,1024,28,18514.061429655823,18437.59794973911,18732.62110346846,0.066167,0.15771484375,30.40625,0,0,48,0.0531455,0.05825,0.066375,0.066375,48,0.053,0.055541,0.064542,0.064542
128,sparse,16,churn,basic,32,5,3,32,1024,28,814.2105179460267,800.5011337222385,828.0412655399733,3.679375,0.9359512329101562,31.921875,0,3,48,1.1990415,1.629542,1.679333,1.679333,48,1.2331245,1.334292,1.406,1.406
128,sparse,16,churn,multilevel,32,5,3,32,1024,28,172.84431327193485,168.3978243674683,180.23464229906318,326.368542,2.16717529296875,34.78125,0,9,48,5.7467085,6.088333,7.88475,7.88475,48,5.785875,6.13675,7.694042,7.694042
128,sparse,16,churn,recompute,32,5,3,32,1024,28,18614.12055551516,18461.989360124757,18701.146906275113,0.0645,0.157745361328125,30.375,0,0,48,0.053521,0.057209,0.061333,0.061333,48,0.053708,0.059,0.062458,0.062458
128,sparse,16,drain,basic,32,5,3,32,1024,28,814.9025300176986,800.43273394679,825.7922373310374,3.722167,0.88909912109375,31.859375,0,3,0,,,,,96,1.212812,1.315375,1.673917,1.673917
128,sparse,16,drain,multilevel,32,5,3,32,1024,28,173.68398168053005,168.28944674129153,182.3708639748442,327.539666,2.1447296142578125,34.90625,0,9,0,,,,,96,5.7125415,6.070166,8.032333,8.032333
128,sparse,16,drain,recompute,32,5,3,32,1024,28,18742.6713226586,18567.763924807517,18936.311857385903,0.066,0.151885986328125,30.21875,0,0,0,,,,,96,0.0526875,0.0615,0.067125,0.067125
128,sparse,16,duplicate,basic,32,5,3,32,1024,28,2163331.530557058,2157206.4176890925,2213307.5114123668,3.709625,0.28981781005859375,31.15625,0,0,0,,,,,0,,,,
128,sparse,16,duplicate,multilevel,32,5,3,32,1024,28,1944343.1765706646,1868613.1386861315,1959223.657625666,330.570208,0.9173812866210938,33.734375,0,0,0,,,,,0,,,,
128,sparse,16,duplicate,recompute,32,5,3,32,1024,28,4438895.824663615,4388972.706075984,4491228.070175438,0.067125,0.13939666748046875,30.203125,0,0,0,,,,,0,,,,
128,sparse,16,growth,basic,32,5,3,32,1024,28,823.5138951885557,820.7083595404321,859.0104301851756,3.732333,0.9725799560546875,31.765625,0,3,96,1.1768125,1.291833,1.677708,1.677708,0,,,,
128,sparse,16,growth,multilevel,32,5,3,32,1024,28,171.43637760034363,166.2015688887948,181.57857032410357,328.154542,2.2151565551757812,34.703125,0,9,96,5.760542,6.080916,7.937208,7.937208,0,,,,
128,sparse,16,growth,recompute,32,5,3,32,1024,28,18330.66106664971,18217.186435255266,18657.978268119812,0.067958,0.162139892578125,30.34375,0,0,96,0.0535,0.057458,0.063542,0.063542,0,,,,
128,sparse,16,hotspot,basic,32,5,3,32,1024,28,826.1786690891602,809.1527106577878,859.4256989823352,3.782833,0.9371490478515625,31.859375,0,3,48,1.176521,1.559166,1.619583,1.619583,48,1.2063125,1.304291,1.3285,1.3285
128,sparse,16,hotspot,multilevel,32,5,3,32,1024,28,173.71112789413937,167.94039660972004,180.27707809458238,333.004417,2.1666793823242188,34.953125,0,9,48,5.7344375,6.008542,7.814625,7.814625,48,5.7696665,6.11675,7.9475,7.9475
128,sparse,16,hotspot,recompute,32,5,3,32,1024,28,18575.394915798315,18329.359108230856,18705.705473990885,0.067042,0.15478515625,30.34375,0,0,48,0.0532085,0.058125,0.06675,0.06675,48,0.053146,0.055875,0.063667,0.063667
128,star,2,absent,basic,32,5,3,32,63,63,1837390.9049150206,1824297.3604697566,1850673.7609160836,1.788291,0.131622314453125,30.25,0,0,0,,,,,0,,,,
128,star,2,absent,multilevel,32,5,3,32,63,63,1794426.06403858,1786013.2834737957,1802816.9014084507,2.562,0.2487945556640625,30.671875,0,0,0,,,,,0,,,,
128,star,2,absent,recompute,32,5,3,32,63,63,4770423.3750745375,4740740.740740741,4923076.923076923,0.029584,0.03015899658203125,29.640625,0,0,0,,,,,0,,,,
128,star,2,burst,basic,32,5,3,32,63,63,1278.7851541036016,1271.649484761407,1287.795437880028,1.783167,0.44720458984375,30.78125,0,3,48,0.763167,0.832125,0.924292,0.924292,48,0.7922085,0.826958,0.854542,0.854542
128,star,2,burst,multilevel,32,5,3,32,63,63,672.5738830817739,670.5637316134045,672.599201813916,2.61275,0.682098388671875,31.40625,0,9,48,1.495583,1.586125,1.633333,1.633333,48,1.4843955,1.672042,1.698166,1.698166
128,star,2,burst,recompute,32,5,3,32,63,63,36526.21954769126,36166.69228474037,36615.03184363551,0.02975,0.03406524658203125,29.828125,0,0,48,0.0275415,0.031291,0.033375,0.033375,48,0.027375,0.031584,0.034334,0.034334
128,star,2,churn,basic,32,5,3,32,63,63,1259.3446818916977,1251.621583322424,1261.5601785691124,1.772792,0.44820404052734375,30.6875,0,3,48,0.77475,0.834292,0.841208,0.841208,48,0.801771,0.835458,0.873667,0.873667
128,star,2,churn,multilevel,32,5,3,32,63,63,670.8302444570397,670.4367138854545,673.7037124758874,2.597667,0.68255615234375,31.40625,0,9,48,1.473958,1.649542,1.653333,1.653333,48,1.492854,1.543583,1.736666,1.736666
128,star,2,churn,recompute,32,5,3,32,63,63,35419.466095822936,35164.83516483517,35619.86920829275,0.030375,0.03160858154296875,29.875,0,0,48,0.027771,0.028417,0.031542,0.031542,48,0.02775,0.028333,0.03075,0.03075
128,star,2,drain,basic,32,5,3,32,63,63,1269.8244900176517,1269.0606967936387,1283.525382155644,1.775417,0.44482421875,30.765625,0,3,0,,,,,96,0.778292,0.831084,0.862167,0.862167
128,star,2,drain,multilevel,32,5,3,32,63,63,668.1189066250796,664.4242348739671,670.0722951469114,2.605291,0.6789093017578125,31.328125,0,9,0,,,,,96,1.482458,1.554959,1.698167,1.698167
128,star,2,drain,recompute,32,5,3,32,63,63,36822.155891199734,35754.18994413408,37230.94822571262,0.03,0.03160858154296875,29.890625,0,0,0,,,,,96,0.0273955,0.03175,0.034917,0.034917
128,star,2,duplicate,basic,32,5,3,32,63,63,2239171.5065425793,2239014.8334732717,2292592.0618999857,1.785083,0.131622314453125,30.203125,0,0,0,,,,,0,,,,
128,star,2,duplicate,multilevel,32,5,3,32,63,63,2232610.060699086,2226086.9565217393,2245614.035087719,2.556542,0.2487945556640625,30.6875,0,0,0,,,,,0,,,,
128,star,2,duplicate,recompute,32,5,3,32,63,63,4799760.0119994,4799760.0119994,4830188.679245283,0.029417,0.03015899658203125,29.84375,0,0,0,,,,,0,,,,
128,star,2,growth,basic,32,5,3,32,63,63,1276.1629862724344,1267.1761770878707,1284.5408519115072,1.793292,0.5063400268554688,30.765625,0,3,96,0.77925,0.820208,0.8565,0.8565,0,,,,
128,star,2,growth,multilevel,32,5,3,32,63,63,660.9612901204277,659.5031571137463,664.1920944826538,2.627375,0.7342910766601562,31.609375,0,9,96,1.5087705,1.618458,1.687875,1.687875,0,,,,
128,star,2,growth,recompute,32,5,3,32,63,63,35362.39827785121,35216.42141730689,35486.55392292764,0.029791,0.03797149658203125,29.9375,0,0,96,0.027979,0.028583,0.028917,0.028917,0,,,,
128,star,2,hotspot,basic,32,5,3,32,63,63,1272.8634618855158,1269.3795078591847,1275.02739316665,1.783833,0.44820404052734375,30.734375,0,3,48,0.7841665,0.832417,0.902042,0.902042,48,0.807333,0.872542,0.902584,0.902584
128,star,2,hotspot,multilevel,32,5,3,32,63,63,665.0738425252289,664.6922122977905,670.0915885371285,2.611666,0.68255615234375,31.34375,0,9,48,1.4836665,1.692083,1.739958,1.739958,48,1.5006035,1.556375,1.601209,1.601209
128,star,2,hotspot,recompute,32,5,3,32,63,63,35899.59332491937,35872.79060043204,36027.59713940879,0.029834,0.03160858154296875,29.828125,0,0,48,0.027625,0.028583,0.03225,0.03225,48,0.027625,0.030333,0.032,0.032
512,bipartite,16,absent,basic,32,5,3,32,4096,34,1691689.5749629943,1680495.7462451423,1749398.6442160506,13.766083,1.2494430541992188,35.21875,0,0,0,,,,,0,,,,
512,bipartite,16,absent,multilevel,32,5,3,32,4096,34,1424882.0019592128,1308365.3610270668,1526790.400305358,505.182542,3.3016586303710938,43.328125,0,0,0,,,,,0,,,,
512,bipartite,16,absent,recompute,32,5,3,32,4096,34,4151530.8770108977,4084758.7439366863,4196721.31147541,0.333542,0.5759811401367188,32.40625,0,0,0,,,,,0,,,,
512,bipartite,16,burst,basic,32,5,3,32,4096,34,202.99239333582315,193.02670984175512,206.26059961941567,13.97775,3.7940216064453125,37.921875,0,0,48,4.7805,7.0455,7.189125,7.189125,48,4.9342915,7.292875,7.484792,7.484792
512,bipartite,16,burst,recompute,32,5,3,32,4096,34,4060.8925765741574,4049.671755121411,4121.343691987257,0.323916,0.628082275390625,32.4375,0,0,48,0.242709,0.265125,0.27575,0.27575,48,0.241896,0.251167,0.252666,0.252666
512,bipartite,16,churn,basic,32,5,3,32,4096,34,206.60100942541567,200.08295189081704,209.25900197240995,13.775084,3.803131103515625,37.953125,0,0,48,4.633958,6.851208,7.249667,7.249667,48,4.817104,5.375292,7.164667,7.164667
512,bipartite,16,churn,recompute,32,5,3,32,4096,34,4078.3164200028677,4032.0467072290567,4080.851877829497,0.329875,0.631011962890625,32.359375,0,0,48,0.2430625,0.27025,0.275666,0.275666,48,0.242604,0.261125,0.273166,0.273166
512,bipartite,16,drain,basic,32,5,3,32,4096,34,201.2006017155495,190.4990583006473,202.0276951559914,13.83075,3.7940216064453125,37.859375,0,0,0,,,,,96,4.8868335,7.217708,7.693334,7.693334
512,bipartite,16,drain,recompute,32,5,3,32,4096,34,4053.219275742914,4042.3818471790173,4078.6849707851443,0.314542,0.623687744140625,32.359375,0,0,0,,,,,96,0.2418745,0.266458,0.279083,0.279083
512,bipartite,16,duplicate,basic,32,5,3,32,4096,34,2064516.1290322582,1676797.3171242925,2226086.9565217393,13.931083,1.2494430541992188,35.140625,0,0,0,,,,,0,,,,
512,bipartite,16,duplicate,multilevel,32,5,3,32,4096,34,1665972.511453561,1398907.1038251366,1761532.5333039744,500.943542,3.3016586303710938,43.359375,0,0,0,,,,,0,,,,
512,bipartite,16,duplicate,recompute,32,5,3,32,4096,34,4242906.390877752,4196721.31147541,4314412.835378185,0.339459,0.5759811401367188,32.375,0,0,0,,,,,0,,,,
512,bipartite,16,growth,basic,32,5,3,32,4096,34,203.21244971928644,196.08223647330215,210.0854128506621,13.758208,3.8161544799804688,38.140625,0,0,96,4.7815205,6.917792,7.423542,7.423542,0,,,,
512,bipartite,16,growth,recompute,32,5,3,32,4096,34,4074.6599950900345,4070.318828073803,4175.819759091738,0.328542,0.633941650390625,32.4375,0,0,96,0.240875,0.263625,0.268084,0.268084,0,,,,
512,bipartite,16,hotspot,basic,32,5,3,32,4096,34,204.18836013788382,193.63954603628926,206.29899556822696,13.752375,3.8027267456054688,38.0,0,0,48,4.7921455,7.205625,7.716458,7.716458,48,4.9335415,7.330709,7.51875,7.51875
512,bipartite,16,hotspot,recompute,32,5,3,32,4096,34,4071.441067480955,4024.292136445134,4119.862242106279,0.3225,0.624176025390625,32.4375,0,0,48,0.2420625,0.259959,0.273333,0.273333,48,0.2419795,0.260666,0.270916,0.270916
512,dense,256,absent,recompute,32,5,3,32,65408,292,2834115.667345674,2813186.813186813,2988419.8729921556,2.377583,4.136711120605469,64.96875,0,0,0,,,,,0,,,,
512,dense,256,burst,recompute,32,5,3,32,65408,292,773.2293500946904,768.49028450567,784.9895283623463,2.424,4.19158935546875,65.0,0,0,48,1.27475,1.34575,1.356292,1.356292,48,1.28875,1.337583,1.345666,1.345666
512,dense,256,churn,recompute,32,5,3,32,65408,292,773.6039935178754,767.1339119504792,792.6817441505227,2.412208,4.19158935546875,64.84375,0,0,48,1.284937,1.32825,1.336375,1.336375,48,1.2827085,1.328667,1.34675,1.34675
512,dense,256,drain,recompute,32,5,3,32,65408,292,764.8366356748488,759.4568696730479,766.4762452244937,2.388125,4.19158935546875,65.0625,0,0,0,,,,,96,1.289875,1.348167,1.385542,1.385542
512,dense,256,duplicate,recompute,32,5,3,32,65408,292,2782608.695652174,2723404.255319149,3047619.0476190476,2.413083,4.136711120605469,64.984375,0,0,0,,,,,0,,,,
512,dense,256,growth,recompute,32,5,3,32,65408,292,768.8872836231045,767.7466558875036,794.4192050842829,2.386708,4.19158935546875,65.078125,0,0,96,1.2471465,1.3115,1.373,1.373,0,,,,
512,dense,256,hotspot,recompute,32,5,3,32,65408,292,773.2371226599821,758.7853051835683,781.139541986641,2.403583,4.19158935546875,65.03125,0,0,48,1.272292,1.389583,1.807042,1.807042,48,1.279062,1.494791,1.575042,1.575042
512,sparse,4,absent,basic,32,5,3,32,1024,11,1714255.1025874538,1687852.7348488844,1737525.112667644,5.468708,0.6643447875976562,32.515625,0,0,0,,,,,0,,,,
512,sparse,4,absent,multilevel,32,5,3,32,1024,11,1641025.641025641,1497076.0233918128,1648040.3769892363,14.108458,1.459320068359375,34.609375,0,0,0,,,,,0,,,,
512,sparse,4,absent,recompute,32,5,3,32,1024,11,3878787.878787879,3878787.878787879,4000000.0,0.190583,0.22832489013671875,30.65625,0,0,0,,,,,0,,,,
512,sparse,4,burst,basic,32,5,3,32,1024,11,322.14481440270805,316.08983597130384,323.59991312151334,5.488125,1.8866195678710938,34.265625,0,0,48,2.9806875,3.112542,3.131041,3.131041,48,3.1493125,3.38525,3.437958,3.437958
512,sparse,4,burst,multilevel,32,5,3,32,1024,11,94.54440632732413,94.2613379334123,95.84336778451143,14.039916,3.639190673828125,38.375,0,3,48,10.333979,10.98725,11.257083,11.257083,48,10.4558125,12.449583,12.614208,12.614208
512,sparse,4,burst,recompute,32,5,3,32,1024,11,6469.766075498531,6406.780936943661,6513.497697376791,0.183792,0.276885986328125,30.71875,0,0,48,0.1535,0.157209,0.180167,0.180167,48,0.153959,0.166542,0.183042,0.183042
512,sparse,4,churn,basic,32,5,3,32,1024,11,318.46737575418297,316.3378609749867,319.1534454858488,5.473125,1.9142074584960938,34.28125,0,0,48,3.005375,3.320667,3.341709,3.341709,48,3.1396665,3.360042,3.486084,3.486084
512,sparse,4,churn,multilevel,32,5,3,32,1024,11,94.14379023558494,93.51975108502492,94.6896373587217,14.052625,3.6396865844726562,38.328125,0,3,48,10.3587495,11.151042,11.247583,11.247583,48,10.4857295,12.453041,12.793333,12.793333
512,sparse,4,churn,recompute,32,5,3,32,1024,11,6432.754298336268,6377.360370684071,6438.362338155666,0.1765,0.279327392578125,30.8125,0,0,48,0.1546665,0.160167,0.165208,0.165208,48,0.154771,0.163916,0.168291,0.168291
512,sparse,4,drain,basic,32,5,3,32,1024,11,310.63789267990836,309.7190046262244,319.8178349593855,5.463875,1.8858566284179688,34.25,0,0,0,,,,,96,3.1349795,3.317334,3.429833,3.429833
512,sparse,4,drain,multilevel,32,5,3,32,1024,11,94.91250438877645,93.83660862391511,94.9497841746898,14.000625,3.6408157348632812,38.234375,0,3,0,,,,,96,10.4170205,11.20825,12.606333,12.606333
512,sparse,4,drain,recompute,32,5,3,32,1024,11,6334.387151012384,6288.947253813264,6468.348450739585,0.182834,0.27587890625,30.6875,0,0,0,,,,,96,0.1558955,0.168334,0.178792,0.178792
512,sparse,4,duplicate,basic,32,5,3,32,1024,11,2104155.707522357,2064516.1290322582,2121593.8473778428,5.457083,0.6643447875976562,32.40625,0,0,0,,,,,0,,,,
512,sparse,4,duplicate,multilevel,32,5,3,32,1024,11,1989554.8371051976,1949199.001035512,2010429.1009612365,14.0225,1.459320068359375,34.734375,0,0,0,,,,,0,,,,
512,sparse,4,duplicate,recompute,32,5,3,32,1024,11,4106776.180698152,4042445.67963618,4106776.180698152,0.184958,0.22832489013671875,30.671875,0,0,0,,,,,0,,,,
512,sparse,4,growth,basic,32,5,3,32,1024,11,326.2315644249128,325.7005743017158,326.530059142961,5.447,1.957122802734375,34.359375,0,0,96,2.996604,3.1745,3.269542,3.269542,0,,,,
512,sparse,4,growth,multilevel,32,5,3,32,1024,11,94.93749515577723,94.39959644172521,95.27363372123567,14.117708,3.68133544921875,38.359375,0,3,96,10.3874585,12.128292,15.563375,15.563375,0,,,,
512,sparse,4,growth,recompute,32,5,3,32,1024,11,6379.055010777613,6377.572628096037,6399.466284511872,0.182792,0.2822265625,30.71875,0,0,96,0.156458,0.167333,0.1795,0.1795,0,,,,
512,sparse,4,hotspot,basic,32,5,3,32,1024,11,318.736874452862,317.34933964065146,319.3044495384369,5.453208,1.90521240234375,34.390625,0,0,48,2.9958545,3.211125,3.3015,3.3015,48,3.135562,3.372125,3.40675,3.40675
512,sparse,4,hotspot,multilevel,32,5,3,32,1024,11,94.26529479005319,93.89762063077205,94.82071477040053,14.132708,3.628082275390625,38.46875,0,3,48,10.30075,11.116291,11.196083,11.196083,48,10.45,12.405167,12.440416,12.440416
512,sparse,4,hotspot,recompute,32,5,3,32,1024,11,6372.121966397013,6302.4692877717325,6473.637628018713,0.179625,0.27734375,30.8125,0,0,48,0.155542,0.165667,0.169709,0.169709,48,0.156167,0.164959,0.168042,0.168042
512,sparse,16,absent,basic,32,5,3,32,4096,30,1695364.238410596,1644567.7870284715,1706666.6666666667,14.647875,1.2941970825195312,35.21875,0,0,0,,,,,0,,,,
512,sparse,16,absent,multilevel,32,5,3,32,4096,30,1342676.1213443545,1258999.881968761,1482648.3806699717,499.345834,3.3727188110351562,43.53125,0,0,0,,,,,0,,,,
512,sparse,16,absent,recompute,32,5,3,32,4096,30,3820895.5223880596,3746195.2704284713,3878787.878787879,0.360583,0.5849533081054688,32.234375,0,0,0,,,,,0,,,,
512,sparse,16,burst,basic,32,5,3,32,4096,30,178.59285572766822,175.3833891849044,187.5670401968535,14.878,3.9382247924804688,38.21875,0,0,48,5.3349375,7.384458,7.868583,7.868583,48,5.502229,7.653584,8.166875,8.166875
512,sparse,16,burst,recompute,32,5,3,32,4096,30,4126.8133637049605,4121.122361918254,4151.88961578673,0.335875,0.63726806640625,32.328125,0,0,48,0.239291,0.260375,0.265542,0.265542,48,0.2392495,0.245875,0.254042,0.254042
512,sparse,16,churn,basic,32,5,3,32,4096,30,176.3498339831641,174.60065216071717,180.63562606004888,14.7645,3.94439697265625,38.265625,0,0,48,5.4118125,7.769458,8.037083,8.037083,48,5.5736875,7.797333,7.852375,7.852375
512,sparse,16,churn,recompute,32,5,3,32,4096,30,4162.218295862963,4114.145950870412,4185.285738612688,0.337708,0.6407470703125,32.390625,0,0,48,0.239125,0.261291,0.264542,0.264542,48,0.239979,0.257333,0.27275,0.27275
512,sparse,16,drain,basic,32,5,3,32,4096,30,178.85488162042523,178.09852035025767,184.50570129824266,14.878875,3.9382247924804688,38.109375,0,0,0,,,,,96,5.390021,7.70525,7.931291,7.931291
512,sparse,16,drain,recompute,32,5,3,32,4096,30,4135.970014217397,4114.718876620026,4145.748987854251,0.355542,0.636199951171875,32.265625,0,0,0,,,,,96,0.239375,0.2545,0.271708,0.271708
512,sparse,16,duplicate,basic,32,5,3,32,4096,30,2026470.774491799,1979340.6321519143,2087001.891345464,14.712333,1.2941970825195312,35.203125,0,0,0,,,,,0,,,,
512,sparse,16,duplicate,multilevel,32,5,3,32,4096,30,1753424.6575342466,1610062.893081761,1765517.2413793104,498.5965,3.3727188110351562,43.5625,0,0,0,,,,,0,,,,
512,sparse,16,duplicate,recompute,32,5,3,32,4096,30,3898635.477582846,3859606.8025569897,3979109.674210395,0.363917,0.5849533081054688,32.265625,0,0,0,,,,,0,,,,
512,sparse,16,growth,basic,32,5,3,32,4096,30,180.66562648055833,179.80609036941723,182.59520533977766,14.689042,3.9563522338867188,38.1875,0,0,96,5.3562705,7.75425,7.896583,7.896583,0,,,,
512,sparse,16,growth,recompute,32,5,3,32,4096,30,4087.2369639492927,4038.916474828652,4145.6592939139,0.342792,0.638946533203125,32.515625,0,0,96,0.242354,0.2635,0.27825,0.27825,0,,,,
512,sparse,16,hotspot,basic,32,5,3,32,4096,30,177.55911668489892,176.82004379854587,185.2428055601786,14.817625,3.952178955078125,38.203125,0,0,48,5.3507915,7.731167,7.967333,7.967333,48,5.503041,7.65725,7.846625,7.846625
512,sparse,16,hotspot,recompute,32,5,3,32,4096,30,4138.06498650021,4066.181164635609,4143.892524003498,0.345125,0.63665771484375,32.4375,0,0,48,0.239916,0.252625,0.258584,0.258584,48,0.2400835,0.250375,0.273875,0.273875
512,star,2,absent,basic,32,5,3,32,255,255,1802816.9014084507,1786112.9716454565,1859600.1859600185,14.308791,0.5206756591796875,31.890625,0,0,0,,,,,0,,,,
512,star,2,absent,multilevel,32,5,3,32,255,255,1749398.6442160506,1644567.7870284715,1786112.9716454565,15.975625,0.9936752319335938,35.515625,0,0,0,,,,,0,,,,
512,star,2,absent,recompute,32,5,3,32,255,255,4439511.653718091,4363834.7197599895,4599022.707674619,0.118541,0.11811065673828125,30.1875,0,0,0,,,,,0,,,,
512,star,2,burst,basic,32,5,3,32,255,255,332.148611135633,331.522478130524,332.3963046879565,14.448834,1.556610107421875,33.390625,0,0,48,2.90925,3.016834,3.044458,3.044458,48,3.0283955,3.169417,3.26825,3.26825
512,star,2,burst,multilevel,32,5,3,32,255,255,161.18802261973684,161.06311723822054,161.20548088358154,15.863041,2.643798828125,38.484375,0,3,48,6.0967705,8.011542,8.058625,8.058625,48,6.152563,6.400583,6.623208,6.623208
512,star,2,burst,recompute,32,5,3,32,255,255,8938.442621622875,8865.800865800866,9037.314223179299,0.122667,0.12108612060546875,30.140625,0,0,48,0.1133335,0.116958,0.122791,0.122791,48,0.114438,0.126666,0.138042,0.138042
512,star,2,churn,basic,32,5,3,32,255,255,331.85812028301274,331.6166712737204,332.4234971471312,14.486709,1.556243896484375,33.34375,0,0,48,2.903083,2.95625,2.9885,2.9885,48,3.015938,3.102792,3.129875,3.129875
512,star,2,churn,multilevel,32,5,3,32,255,255,160.06933002856863,159.96730668169693,160.6233527290884,15.98925,2.677703857421875,38.421875,0,3,48,6.096833,8.020584,8.226292,8.226292,48,6.176104,6.594417,7.495625,7.495625
512,star,2,churn,recompute,32,5,3,32,255,255,8961.491909173039,8847.519362934368,8971.858643881136,0.120917,0.12108612060546875,30.09375,0,0,48,0.1123335,0.117625,0.128958,0.128958,48,0.11375,0.118417,0.128166,0.128166
512,star,2,drain,basic,32,5,3,32,255,255,325.986052544123,325.9297507719086,326.10343338509375,14.540084,1.5482177734375,33.421875,0,0,0,,,,,96,3.010104,3.116,3.170375,3.170375
512,star,2,drain,multilevel,32,5,3,32,255,255,159.8952685990676,159.3395376165793,159.93769067477848,16.077458,2.6503677368164062,38.484375,0,3,0,,,,,96,6.1574165,6.464125,8.151291,8.151291
512,star,2,drain,recompute,32,5,3,32,255,255,8954.598228164841,8934.906137414948,8993.713113480142,0.123292,0.12108612060546875,30.1875,0,0,0,,,,,96,0.114625,0.125625,0.134792,0.134792
512,star,2,duplicate,basic,32,5,3,32,255,255,2169491.525423729,2121593.8473778428,2188034.188034188,14.50175,0.5206756591796875,31.9375,0,0,0,,,,,0,,,,
512,star,2,duplicate,multilevel,32,5,3,32,255,255,2169491.525423729,2053519.8613874093,2175686.7011150396,15.708666,0.9936752319335938,35.421875,0,0,0,,,,,0,,,,
512,star,2,duplicate,recompute,32,5,3,32,255,255,4517859.663984188,4464908.608901911,4571428.571428572,0.121292,0.11811065673828125,30.1875,0,0,0,,,,,0,,,,
512,star,2,growth,basic,32,5,3,32,255,255,335.8329872329522,334.82828932826385,336.74831908393344,14.4245,1.57598876953125,33.515625,0,0,96,2.9185625,3.017166,3.15175,3.15175,0,,,,
512,star,2,growth,multilevel,32,5,3,32,255,255,160.70704430150323,160.16700774064125,161.03988121456803,16.136875,2.730255126953125,38.46875,0,3,96,6.105625,6.52275,8.081333,8.081333,0,,,,
512,star,2,growth,recompute,32,5,3,32,255,255,9024.252679075014,8933.76368017461,9252.341420650764,0.121334,0.12133026123046875,30.15625,0,0,96,0.1132295,0.11825,0.128708,0.128708,0,,,,
512,star,2,hotspot,basic,32,5,3,32,255,255,332.93912647135943,332.1078208797225,333.32942712910915,14.455666,1.556243896484375,33.421875,0,0,48,2.8995625,2.948083,3.004791,3.004791,48,3.0202295,3.125416,3.176375,3.176375
512,star,2,hotspot,multilevel,32,5,3,32,255,255,160.5924859026772,160.15274568119344,161.13195196253682,15.879458,2.677703857421875,38.59375,0,3,48,6.0939585,7.946291,8.066,8.066,48,6.177542,6.229375,6.239667,6.239667
512,star,2,hotspot,recompute,32,5,3,32,255,255,9034.33669053049,8987.92332065568,9084.02639250318,0.121541,0.12108612060546875,30.125,0,0,48,0.1135415,0.11725,0.118792,0.118792,48,0.113584,0.12225,0.127583,0.127583
2048,sparse,4,churn,basic,32,5,3,32,4096,15,74.12802572097942,67.72131439825067,75.68396432264544,22.96025,8.139739990234375,51.0,0,0,48,13.021396,16.171417,17.504708,17.504708,48,13.582229,15.609541,19.489042,19.489042
2048,sparse,4,churn,recompute,32,5,3,32,4096,15,1502.144663572405,1442.8387853100976,1523.839710348548,0.803375,1.135040283203125,33.640625,0,0,48,0.6674585,1.131583,1.387125,1.387125,48,0.669021,0.890583,1.190334,1.190334
2048,sparse,4,drain,basic,32,5,3,32,4096,15,70.39938630038986,68.14377774065314,71.66621901034833,23.7925,8.126853942871094,49.09375,0,0,0,,,,,96,14.178459,17.622084,20.168083,20.168083
2048,sparse,4,drain,recompute,32,5,3,32,4096,15,1495.1960984726807,1463.637771971913,1516.7494164069628,0.77875,1.13201904296875,33.84375,0,0,0,,,,,96,0.6822495,0.868041,1.589583,1.589583
2048,sparse,4,growth,basic,32,5,3,32,4096,15,73.12853097112577,71.56750648325009,74.13472331367905,23.4485,8.1490478515625,49.09375,0,0,96,13.165771,16.418583,16.990833,16.990833,0,,,,
2048,sparse,4,growth,recompute,32,5,3,32,4096,15,1514.470290352351,1487.2739314575865,1518.482758601054,0.774583,1.140411376953125,33.78125,0,0,96,0.6536455,0.683208,0.7065,0.7065,0,,,,
