vertices,family,degree,workload,mode,seed,updates,repeats,index,operation,real,matched,nanoseconds,boundary,scans
512,sparse,4,churn,basic,7,32,5,0,delete,True,False,3110625,ordinary,0
512,sparse,4,churn,basic,7,32,5,1,insert,True,False,3164250,ordinary,0
512,sparse,4,churn,basic,7,32,5,2,delete,True,True,3001167,ordinary,1
512,sparse,4,churn,basic,7,32,5,3,insert,True,False,2857750,ordinary,0
512,sparse,4,churn,basic,7,32,5,4,delete,True,True,2981834,ordinary,2
512,sparse,4,churn,basic,7,32,5,5,insert,True,False,2857167,ordinary,0
512,sparse,4,churn,basic,7,32,5,6,delete,True,False,2937541,ordinary,0
512,sparse,4,churn,basic,7,32,5,7,insert,True,False,2967583,ordinary,0
512,sparse,4,churn,basic,7,32,5,8,delete,True,False,2949625,ordinary,0
512,sparse,4,churn,basic,7,32,5,9,insert,True,False,2803083,ordinary,0
512,sparse,4,churn,basic,7,32,5,10,delete,True,False,2919250,ordinary,0
512,sparse,4,churn,basic,7,32,5,11,insert,True,False,2822458,ordinary,0
512,sparse,4,churn,basic,7,32,5,12,delete,True,False,2926500,ordinary,0
512,sparse,4,churn,basic,7,32,5,13,insert,True,False,2913083,ordinary,0
512,sparse,4,churn,basic,7,32,5,14,delete,True,True,2938875,ordinary,2
512,sparse,4,churn,basic,7,32,5,15,insert,True,False,2778875,ordinary,0
512,sparse,4,churn,basic,7,32,5,16,delete,True,False,2914917,ordinary,0
512,sparse,4,churn,basic,7,32,5,17,insert,True,False,2809083,ordinary,0
512,sparse,4,churn,basic,7,32,5,18,delete,True,True,2935625,ordinary,1
512,sparse,4,churn,basic,7,32,5,19,insert,True,False,2892625,ordinary,0
512,sparse,4,churn,basic,7,32,5,20,delete,True,False,2925875,ordinary,0
512,sparse,4,churn,basic,7,32,5,21,insert,True,False,2776417,ordinary,0
512,sparse,4,churn,basic,7,32,5,22,delete,True,True,2908500,ordinary,0
512,sparse,4,churn,basic,7,32,5,23,insert,True,False,2812208,ordinary,0
512,sparse,4,churn,basic,7,32,5,24,delete,True,True,2931250,ordinary,1
512,sparse,4,churn,basic,7,32,5,25,insert,True,False,2873250,ordinary,0
512,sparse,4,churn,basic,7,32,5,26,delete,True,True,2930834,ordinary,1
512,sparse,4,churn,basic,7,32,5,27,insert,True,False,2782458,ordinary,0
512,sparse,4,churn,basic,7,32,5,28,delete,True,False,2900583,ordinary,0
512,sparse,4,churn,basic,7,32,5,29,insert,True,False,2801042,ordinary,0
512,sparse,4,churn,basic,7,32,5,30,delete,True,False,2928041,ordinary,0
512,sparse,4,churn,basic,7,32,5,31,insert,True,False,2915917,ordinary,0
512,sparse,4,churn,basic,29,32,5,0,delete,True,False,3161792,ordinary,0
512,sparse,4,churn,basic,29,32,5,1,insert,True,False,3196834,ordinary,0
512,sparse,4,churn,basic,29,32,5,2,delete,True,False,3072083,ordinary,0
512,sparse,4,churn,basic,29,32,5,3,insert,True,False,2924917,ordinary,0
512,sparse,4,churn,basic,29,32,5,4,delete,True,False,3062334,ordinary,0
512,sparse,4,churn,basic,29,32,5,5,insert,True,False,2917250,ordinary,0
512,sparse,4,churn,basic,29,32,5,6,delete,True,False,3056375,ordinary,0
512,sparse,4,churn,basic,29,32,5,7,insert,True,False,2984250,ordinary,0
512,sparse,4,churn,basic,29,32,5,8,delete,True,False,3027250,ordinary,0
512,sparse,4,churn,basic,29,32,5,9,insert,True,False,2890375,ordinary,0
512,sparse,4,churn,basic,29,32,5,10,delete,True,False,3022125,ordinary,0
512,sparse,4,churn,basic,29,32,5,11,insert,True,False,2868750,ordinary,0
512,sparse,4,churn,basic,29,32,5,12,delete,True,False,3036166,ordinary,0
512,sparse,4,churn,basic,29,32,5,13,insert,True,False,3017250,ordinary,0
512,sparse,4,churn,basic,29,32,5,14,delete,True,False,3037084,ordinary,0
512,sparse,4,churn,basic,29,32,5,15,insert,True,False,2932416,ordinary,0
512,sparse,4,churn,basic,29,32,5,16,delete,True,False,3015542,ordinary,0
512,sparse,4,churn,basic,29,32,5,17,insert,True,False,2917458,ordinary,0
512,sparse,4,churn,basic,29,32,5,18,delete,True,False,3029625,ordinary,0
512,sparse,4,churn,basic,29,32,5,19,insert,True,False,3025250,ordinary,0
512,sparse,4,churn,basic,29,32,5,20,delete,True,True,3114750,ordinary,0
512,sparse,4,churn,basic,29,32,5,21,insert,True,False,2921166,ordinary,0
512,sparse,4,churn,basic,29,32,5,22,delete,True,False,3099709,ordinary,0
512,sparse,4,churn,basic,29,32,5,23,insert,True,False,2893709,ordinary,0
512,sparse,4,churn,basic,29,32,5,24,delete,True,False,3070667,ordinary,0
512,sparse,4,churn,basic,29,32,5,25,insert,True,False,3006333,ordinary,0
512,sparse,4,churn,basic,29,32,5,26,delete,True,True,3055292,ordinary,0
512,sparse,4,churn,basic,29,32,5,27,insert,True,False,2918667,ordinary,0
512,sparse,4,churn,basic,29,32,5,28,delete,True,True,3072375,ordinary,2
512,sparse,4,churn,basic,29,32,5,29,insert,True,False,2923375,ordinary,0
512,sparse,4,churn,basic,29,32,5,30,delete,True,True,3049625,ordinary,1
512,sparse,4,churn,basic,29,32,5,31,insert,True,False,2971000,ordinary,0
512,sparse,4,churn,basic,101,32,5,0,delete,True,False,3095917,ordinary,0
512,sparse,4,churn,basic,101,32,5,1,insert,True,False,3174833,ordinary,0
512,sparse,4,churn,basic,101,32,5,2,delete,True,True,2965500,ordinary,1
512,sparse,4,churn,basic,101,32,5,3,insert,True,False,2875958,ordinary,0
512,sparse,4,churn,basic,101,32,5,4,delete,True,False,2999917,ordinary,0
512,sparse,4,churn,basic,101,32,5,5,insert,True,False,2881667,ordinary,0
512,sparse,4,churn,basic,101,32,5,6,delete,True,False,2986959,ordinary,0
512,sparse,4,churn,basic,101,32,5,7,insert,True,False,2912750,ordinary,0
512,sparse,4,churn,basic,101,32,5,8,delete,True,False,2976000,ordinary,0
512,sparse,4,churn,basic,101,32,5,9,insert,True,False,2837625,ordinary,0
512,sparse,4,churn,basic,101,32,5,10,delete,True,False,2989125,ordinary,0
512,sparse,4,churn,basic,101,32,5,11,insert,True,False,2870750,ordinary,0
512,sparse,4,churn,basic,101,32,5,12,delete,True,False,3021041,ordinary,0
512,sparse,4,churn,basic,101,32,5,13,insert,True,False,2956167,ordinary,0
512,sparse,4,churn,basic,101,32,5,14,delete,True,False,2985875,ordinary,0
512,sparse,4,churn,basic,101,32,5,15,insert,True,False,2814334,ordinary,0
512,sparse,4,churn,basic,101,32,5,16,delete,True,True,2996500,ordinary,2
512,sparse,4,churn,basic,101,32,5,17,insert,True,False,2828042,ordinary,0
512,sparse,4,churn,basic,101,32,5,18,delete,True,False,2985917,ordinary,0
512,sparse,4,churn,basic,101,32,5,19,insert,True,False,2888500,ordinary,0
512,sparse,4,churn,basic,101,32,5,20,delete,True,False,2960000,ordinary,0
512,sparse,4,churn,basic,101,32,5,21,insert,True,False,2826750,ordinary,0
512,sparse,4,churn,basic,101,32,5,22,delete,True,False,2969167,ordinary,0
512,sparse,4,churn,basic,101,32,5,23,insert,True,False,2827542,ordinary,0
512,sparse,4,churn,basic,101,32,5,24,delete,True,False,2958375,ordinary,0
512,sparse,4,churn,basic,101,32,5,25,insert,True,False,2930208,ordinary,0
512,sparse,4,churn,basic,101,32,5,26,delete,True,False,2945042,ordinary,0
512,sparse,4,churn,basic,101,32,5,27,insert,True,False,2838750,ordinary,0
512,sparse,4,churn,basic,101,32,5,28,delete,True,False,2905708,ordinary,0
512,sparse,4,churn,basic,101,32,5,29,insert,True,False,2811875,ordinary,0
512,sparse,4,churn,basic,101,32,5,30,delete,True,False,2960208,ordinary,0
512,sparse,4,churn,basic,101,32,5,31,insert,True,False,2922583,ordinary,0
